Workbook

Sheet Cover
B2: Synapse / XnHub Integration Platform
B3: Project Plan v2 · WBS · Milestones · Effort · Sprints · Risks
B5: Generated | C5: 2026-05-19
B6: Owner | C6: Kiran Suvarna (Nalashaa)
B7: Client / Audience | C7: Internal — Nalashaa Org-Level Integration Platform
B8: Code path | C8: D:\Nalashaa_Work\AI_Work\synapse-fullstack
B9: Source docs | C9: Synapse Architecture v4 · Synapse LLD · Developer Handbook · XnHub Product Charter v2
B10: Plan version | C10: v2.0
B12: Assumptions (redirect any of these and the plan recalculates)
B13: ▸ Backend stack | C13: .NET 8 (matches Architecture / LLD / Handbook verbatim). Python (FastAPI + Celery) is the documented alternative — swap the BE owner-role tasks if changed.
B14: ▸ Scope | C14: MVP (Phase 1) + Phase 2 (Intelligence & Monitoring) from XnHub Charter §8. Phase 3 / 4 tracked as roadmap only.
B15: ▸ Vibecoding multiplier | C15: 0.5x of traditional hand-coded estimate. Vibe Hours column = Trad Hours × 0.5. Change cell B3 on the WBS tab to re-flow the entire plan.
B16: ▸ Team | C16: 1 BA · 1 FE Dev · 1 BE Dev · 1 QA · 0.25 DevOps. Capacity baseline: 160 hrs/person/month (8 hrs × 20 working days).
B17: ▸ Cadence | C17: 10 sprints of 2 weeks. Sprint 0 starts Mon 2026-05-25. Phase 2 UAT signoff target Fri 2026-11-13.
B18: ▸ Frontend | C18: React 19 + Vite at packages/frontend is KEPT AS-IS. Backend rewrite only. UI work = wire mocks → real API + new Login/Studio backend.
B20: Existing codebase audit (PRODUCT_STATUS.md, 2026-04-22)
B21: ▸ Frontend (React 19 + Vite) | C21: 13 pages — all COMPLETE on UI. All use MOCK DATA except Wizard Step 2 (real API). Login screen NOT BUILT.
B22: ▸ Backend (Node/Express) | C22: FULLY BUILT: Jira (Red Gold REST + Flatiron Playwright/MFA), SharePoint Push (Graph API), 35-field mapper, AES-256-GCM vault, Scheduler (BullMQ), Sync delta, Run mgmt.
B23: ▸ Backend gaps | C23: NOT BUILT: Auth/JWT, Multi-tenancy enforcement, Alerts dispatch, Audit logging, Connector Studio backend, AI auto-map, Trading Console drill-down, Master Entity Catalog.
B24: ▸ Migration approach | C24: Port FULLY BUILT modules first (Sprints 1-3) → reach parity with Node version (M2) → then build NOT BUILT modules on top of new .NET hub.
B26: Tab guide
B27: WBS | C27: Every task. Update Status, % Complete, and Delivered Date per task. On-Time and Days Slip auto-calculate.
B28: Milestones | C28: 10 milestones (M0–M9) with target dates. Update Actual Date when achieved; Slip Days auto-calculates.
B29: Effort Summary | C29: Live pivot of hours by Phase × Role. Reads directly from WBS — never edit cells here, edit WBS.
B30: Sprint Plan | C30: 10 sprints with goals, demo items, capacity, and loaded utilization. Loaded Hours and Utilization auto-calculate.
B31: Risks & Open | C31: Charter §11 risks + .NET migration risks + 3 open decisions. Update Status as items close.
B33: Status legend (matches WBS conditional formatting)
B34: Not Started
B35: In Progress
B36: Blocked
B37: Done
B38: Cancelled

Sheet WBS
A1: Vibe multiplier: | B1: 0.5 | C1: ← change this cell to re-flow all Vibe Hours
A3: WBS ID | B3: Phase | C3: Workstream | D3: Task | E3: Owner Role | F3: Trad Hours | G3: Vibe Hours | H3: Sprint | I3: Status | J3: % Complete | K3: Original ETA | L3: Current ETA | M3: Delivered Date | N3: On-Time? | O3: Days Slip | P3: Notes / Dependencies
A4: W-001 | B4: Phase 0 | C4: Setup | D4: Stand up .NET 8 solution skeleton (Synapse.Core, Synapse.Host, Synapse.Tests) per LLD §2.1 | E4: BE | F4: 16 | G4: =F4*$B$1 | H4: 0 | I4: Not Started | J4: 0 | K4: 46177 | L4: 46177 | N4: =IF(M4="","",IF(M4<=K4,"On-Time","Delayed")) | O4: =IF(M4="","",NETWORKDAYS(K4,M4)-1) | P4: Branch off main; reference LLD project dependency graph.
A5: W-002 | B5: Phase 0 | C5: Setup | D5: Add Synapse.Connectors.Jira and Synapse.Connectors.SharePoint empty projects + ProjectReferences | E5: BE | F5: 4 | G5: =F5*$B$1 | H5: 0 | I5: Not Started | J5: 0 | K5: 46177 | L5: 46177 | N5: =IF(M5="","",IF(M5<=K5,"On-Time","Delayed")) | O5: =IF(M5="","",NETWORKDAYS(K5,M5)-1) | P5: Mirror Node module boundaries.
A6: W-003 | B6: Phase 0 | C6: Setup | D6: Drizzle → EF Core schema migration (13 tables → C# entities, snake_case keep) | E6: BE | F6: 24 | G6: =F6*$B$1 | H6: 0 | I6: Not Started | J6: 0 | K6: 46177 | L6: 46177 | N6: =IF(M6="","",IF(M6<=K6,"On-Time","Delayed")) | O6: =IF(M6="","",NETWORKDAYS(K6,M6)-1) | P6: Preserve org_id everywhere; keep app + jira_data schemas.
A7: W-004 | B7: Phase 0 | C7: DevOps | D7: docker-compose: keep Postgres + Redis, replace Node service with .NET API service | E7: DevOps | F7: 8 | G7: =F7*$B$1 | H7: 0 | I7: Not Started | J7: 0 | K7: 46177 | L7: 46177 | N7: =IF(M7="","",IF(M7<=K7,"On-Time","Delayed")) | O7: =IF(M7="","",NETWORKDAYS(K7,M7)-1) | P7: Two service blocks: api + playwright-worker.
A8: W-005 | B8: Phase 0 | C8: DevOps | D8: GitHub Actions CI: dotnet build + test + Playwright install + frontend build | E8: DevOps | F8: 12 | G8: =F8*$B$1 | H8: 0 | I8: Not Started | J8: 0 | K8: 46177 | L8: 46177 | N8: =IF(M8="","",IF(M8<=K8,"On-Time","Delayed")) | O8: =IF(M8="","",NETWORKDAYS(K8,M8)-1) | P8: Cache nuget + npm; matrix linux + windows.
A9: W-006 | B9: Phase 0 | C9: DevOps | D9: Dockerfile for .NET API + Dockerfile.playwright for browser worker (separate image) | E9: DevOps | F9: 8 | G9: =F9*$B$1 | H9: 0 | I9: Not Started | J9: 0 | K9: 46177 | L9: 46177 | N9: =IF(M9="","",IF(M9<=K9,"On-Time","Delayed")) | O9: =IF(M9="","",NETWORKDAYS(K9,M9)-1) | P9: Per CLAUDE.md §10 — Playwright workers need browser binaries.
A10: W-007 | B10: Phase 0 | C10: BA | D10: Baseline requirements doc — map Charter §5 modules to MVP+Phase 2 backlog with acceptance criteria | E10: BA | F10: 16 | G10: =F10*$B$1 | H10: 0 | I10: Not Started | J10: 0 | K10: 46177 | L10: 46177 | N10: =IF(M10="","",IF(M10<=K10,"On-Time","Delayed")) | O10: =IF(M10="","",NETWORKDAYS(K10,M10)-1) | P10: Single source of truth for sprint planning.
A11: W-008 | B11: Phase 0 | C11: BA | D11: Acceptance criteria template (Given/When/Then) + UAT script template | E11: BA | F11: 8 | G11: =F11*$B$1 | H11: 0 | I11: Not Started | J11: 0 | K11: 46177 | L11: 46177 | N11: =IF(M11="","",IF(M11<=K11,"On-Time","Delayed")) | O11: =IF(M11="","",NETWORKDAYS(K11,M11)-1) | P11: Reuse across all sprint demos.
A12: W-009 | B12: Phase 0 | C12: QA | D12: Test strategy doc — unit (xUnit) / integration / E2E (Playwright) / perf / security split per Handbook §9 | E12: QA | F12: 12 | G12: =F12*$B$1 | H12: 0 | I12: Not Started | J12: 0 | K12: 46177 | L12: 46177 | N12: =IF(M12="","",IF(M12<=K12,"On-Time","Delayed")) | O12: =IF(M12="","",NETWORKDAYS(K12,M12)-1) | P12: Sets the test pyramid.
A13: W-010 | B13: Phase 0 | C13: Setup | D13: Dev environment + onboarding doc (refresh existing CLAUDE.md for .NET path) | E13: BE | F13: 8 | G13: =F13*$B$1 | H13: 0 | I13: Not Started | J13: 0 | K13: 46177 | L13: 46177 | N13: =IF(M13="","",IF(M13<=K13,"On-Time","Delayed")) | O13: =IF(M13="","",NETWORKDAYS(K13,M13)-1) | P13: Replace Node-specific steps.
A14: W-011 | B14: Phase 1 | C14: Hub Core | D14: Implement ISourceConnector, IDestinationConnector, ITransformStep interfaces (LLD §6) | E14: BE | F14: 16 | G14: =F14*$B$1 | H14: 1 | I14: Not Started | J14: 0 | K14: 46191 | L14: 46191 | N14: =IF(M14="","",IF(M14<=K14,"On-Time","Delayed")) | O14: =IF(M14="","",NETWORKDAYS(K14,M14)-1) | P14: Three interfaces — the only contract surface.
A15: W-012 | B15: Phase 1 | C15: Hub Core | D15: MessageEnvelope record + SHA-256 ComputeChecksum + IsChecksumValid (LLD §6, Handbook §4.1) | E15: BE | F15: 16 | G15: =F15*$B$1 | H15: 1 | I15: Not Started | J15: 0 | K15: 46191 | L15: 46191 | N15: =IF(M15="","",IF(M15<=K15,"On-Time","Delayed")) | O15: =IF(M15="","",NETWORKDAYS(K15,M15)-1) | P15: Immutable record; thread-safe Payload Clone().
... A113: W-110 | B113: Phase 2 | C113: DevOps | D113: Production deploy + monitoring (Serilog → Seq or ELK + uptime probe) | E113: DevOps | F113: 16 | G113: =F113*$B$1 | H113: 9 | I113: Not Started | J113: 0 | K113: 46303 | L113: 46303 | N113: =IF(M113="","",IF(M113<=K113,"On-Time","Delayed")) | O113: =IF(M113="","",NETWORKDAYS(K113,M113)-1) | P113: Go-live readiness.
B114: Phase 0 subtotal | F114: =SUM(F4:F13) | G114: =SUM(G4:G13)
B115: Phase 1 subtotal | F115: =SUM(F14:F76) | G115: =SUM(G14:G76)
B116: Phase 2 subtotal | F116: =SUM(F77:F113) | G116: =SUM(G77:G113)
B117: GRAND TOTAL | F117: =SUM(F4:F113) | G117: =SUM(G4:G113)

Sheet Milestones
A1: Milestone ID | B1: Milestone | C1: Phase | D1: Target Date | E1: Status | F1: Owner | G1: Acceptance Criteria | H1: Dependencies | I1: Actual Date | J1: Slip Days
A2: M0 | B2: Sprint 0 complete — solution scaffolded, CI green, EF migrations applied | C2: P0 | D2: 46178 | E2: Not Started | F2: Kiran | G2: dotnet build green; dotnet test 0 failures; docker compose up healthy; CI pipeline runs in <8 min. | H2: — | J2: =IF(I2="","",NETWORKDAYS(D2,I2)-1)
A3: M1 | B3: Hub engine working — first message Inbox → Channel → Router → Outbox → DLQ on forced failure | C3: P1 | D3: 46192 | E3: Not Started | F3: BE Dev | G3: Fake source emits envelope; checksum valid; PENDING row in inbox; routes to subscription; DLQ entry on forced 500. | H3: M0 | J3: =IF(I3="","",NETWORKDAYS(D3,I3)-1)
A4: M2 | B4: Jira → SharePoint parity with Node version (Red Gold + Flatiron + 35-field mapper) | C4: P1 | D4: 46220 | E4: Not Started | F4: BE Dev | G4: Live Red Gold + Flatiron pull → SP write; records-in = records-out; zero duplicates across re-run; matches Node-version output byte-for-byte for 100 sample tickets. | H4: M1 | J4: =IF(I4="","",NETWORKDAYS(D4,I4)-1)
A5: M3 | B5: Frontend wired end-to-end — all 13 pages on real API, mocks removed | C5: P1 | D5: 46234 | E5: Not Started | F5: FE Dev | G5: Mock data imports removed from Dashboard/Registry/Monitor/Alerts/Vault/Connected/Push/Admin/Studio; Wizard Step 4 & 6 functional; Recharts wired. | H5: M2 | J5: =IF(I5="","",NETWORKDAYS(D5,I5)-1)
A6: M4 | B6: Auth + Multi-tenancy + RBAC live (4 roles + JWT + row-level org filter) | C6: P1 | D6: 46248 | E6: Not Started | F6: BE Dev | G6: Login flow works; cross-org data isolation verified by penetration test; permission matrix per Charter §5.8.2 enforced; audit log writes on sensitive actions. | H6: M3 | J6: =IF(I6="","",NETWORKDAYS(D6,I6)-1)
A7: M5 | B7: MVP UAT signoff (Phase 1 complete) | C7: P1 | D7: 46262 | E7: Not Started | F7: BA | G7: Stakeholder UAT scripts passed; Charter §10 metrics met (Operator setup <30 min, 0% hardcoded creds, test-before-publish 100%); production deploy approved. | H7: M4 | J7: =IF(I7="","",NETWORKDAYS(D7,I7)-1)
A8: M6 | B8: AI Auto-Map + NL Transformation GA | C8: P2 | D8: 46290 | E8: Not Started | F8: BE Dev | G8: Auto-map >70% accuracy on 50-pair fixture (Charter §10); NL → expression sandbox compiles & runs; human-confirmation gate present. | H8: M5 | J8: =IF(I8="","",NETWORKDAYS(D8,I8)-1)
A9: M7 | B9: Trading Console + Health Dashboard GA (real data, real-time) | C9: P2 | D9: 46304 | E9: Not Started | F9: FE Dev | G9: Per-message trace expandable; one-click Create Task; Charts/SVG removed; 4-worker Parallel mode demonstrates 3x throughput vs Serial. | H9: M6 | J9: =IF(I9="","",NETWORKDAYS(D9,I9)-1)
A10: M8 | B10: Master Entity Catalog + DB/File/MQ connectors + Scraping Engine GA | C10: P2 | D10: 46325 | E10: Not Started | F10: BE Dev | G10: Entity tree + field-level usage live; SQL Server + Postgres + CSV + Apify + Playwright connectors pass happy + error paths; scraping-breakage screenshot alert wired. | H10: M7 | J10: =IF(I10="","",NETWORKDAYS(D10,I10)-1)
A11: M9 | B11: Phase 2 UAT signoff + production deploy | C11: P2 | D11: 46339 | E11: Not Started | F11: BA | G11: Full Phase 2 acceptance script passed; alerting end-to-end (email + escalation + auto-pause); RBAC resource overrides verified; on-call runbook handed over. | H11: M8 | J11: =IF(I11="","",NETWORKDAYS(D11,I11)-1)

Sheet Effort Summary
A1: Effort by Phase × Role (live from WBS — never edit cells here)
A2: Phase | B2: BA Hours | C2: FE Dev Hours | D2: BE Dev Hours | E2: QA Hours | F2: DevOps Hours | G2: Total Vibe Hours | H2: Total Person-Days | I2: % of Total
A3: Phase 0 | B3: =SUMIFS(WBS!G4:G113,WBS!B4:B113,"Phase 0",WBS!E4:E113,"BA") | C3: =SUMIFS(WBS!G4:G113,WBS!B4:B113,"Phase 0",WBS!E4:E113,"FE") | D3: =SUMIFS(WBS!G4:G113,WBS!B4:B113,"Phase 0",WBS!E4:E113,"BE")+SUMIFS(WBS!G4:G113,WBS!B4:B113,"Phase 0",WBS!E4:E113,"Backend") | E3: =SUMIFS(WBS!G4:G113,WBS!B4:B113,"Phase 0",WBS!E4:E113,"QA") | F3: =SUMIFS(WBS!G4:G113,WBS!B4:B113,"Phase 0",WBS!E4:E113,"DevOps") | G3: =SUM(B3:F3) | H3: =G3/8 | I3: =IFERROR(G3/$G$6,0)
A4: Phase 1 | B4: =SUMIFS(WBS!G4:G113,WBS!B4:B113,"Phase 1",WBS!E4:E113,"BA") | C4: =SUMIFS(WBS!G4:G113,WBS!B4:B113,"Phase 1",WBS!E4:E113,"FE") | D4: =SUMIFS(WBS!G4:G113,WBS!B4:B113,"Phase 1",WBS!E4:E113,"BE")+SUMIFS(WBS!G4:G113,WBS!B4:B113,"Phase 1",WBS!E4:E113,"Backend") | E4: =SUMIFS(WBS!G4:G113,WBS!B4:B113,"Phase 1",WBS!E4:E113,"QA") | F4: =SUMIFS(WBS!G4:G113,WBS!B4:B113,"Phase 1",WBS!E4:E113,"DevOps") | G4: =SUM(B4:F4) | H4: =G4/8 | I4: =IFERROR(G4/$G$6,0)
A5: Phase 2 | B5: =SUMIFS(WBS!G4:G113,WBS!B4:B113,"Phase 2",WBS!E4:E113,"BA") | C5: =SUMIFS(WBS!G4:G113,WBS!B4:B113,"Phase 2",WBS!E4:E113,"FE") | D5: =SUMIFS(WBS!G4:G113,WBS!B4:B113,"Phase 2",WBS!E4:E113,"BE")+SUMIFS(WBS!G4:G113,WBS!B4:B113,"Phase 2",WBS!E4:E113,"Backend") | E5: =SUMIFS(WBS!G4:G113,WBS!B4:B113,"Phase 2",WBS!E4:E113,"QA") | F5: =SUMIFS(WBS!G4:G113,WBS!B4:B113,"Phase 2",WBS!E4:E113,"DevOps") | G5: =SUM(B5:F5) | H5: =G5/8 | I5: =IFERROR(G5/$G$6,0)
A6: GRAND TOTAL | B6: =SUM(B3:B5) | C6: =SUM(C3:C5) | D6: =SUM(D3:D5) | E6: =SUM(E3:E5) | F6: =SUM(F3:F5) | G6: =SUM(G3:G5) | H6: =G6/8 | I6: 100.0%
A9: Capacity check — over-allocation flag
A10: Role | B10: Total Vibe Hours | C10: Person-Days | D10: Months (÷160) | E10: Calendar Months Avail | F10: Capacity Flag
A11: BA | B11: =SUM(B3:B5) | C11: =B11/8 | D11: =B11/160 | E11: 5.6 | F11: =IF(D11>E11,"OVER-ALLOCATED",IF(D11>E11*0.85,"AT-LIMIT","OK"))
A12: FE | B12: =SUM(C3:C5) | C12: =B12/8 | D12: =B12/160 | E12: 5.6 | F12: =IF(D12>E12,"OVER-ALLOCATED",IF(D12>E12*0.85,"AT-LIMIT","OK"))
A13: BE | B13: =SUM(D3:D5) | C13: =B13/8 | D13: =B13/160 | E13: 5.6 | F13: =IF(D13>E13,"OVER-ALLOCATED",IF(D13>E13*0.85,"AT-LIMIT","OK"))
A14: QA | B14: =SUM(E3:E5) | C14: =B14/8 | D14: =B14/160 | E14: 5.6 | F14: =IF(D14>E14,"OVER-ALLOCATED",IF(D14>E14*0.85,"AT-LIMIT","OK"))
A15: DevOps | B15: =SUM(F3:F5) | C15: =B15/8 | D15: =B15/160 | E15: 5.6 | F15: =IF(D15>E15,"OVER-ALLOCATED",IF(D15>E15*0.85,"AT-LIMIT","OK"))
A17: Note: BE Dev Hours sums both 'BE' and 'Backend' role tags on WBS. Adjust headcount if any role is OVER-ALLOCATED.

Sheet Sprint Plan
A1: Sprint | B1: Start Date | C1: End Date | D1: Sprint Goal | E1: Demo Items | F1: Capacity Hours | G1: Loaded Hours | H1: Utilization % | I1: Milestone Hit
A2: Sprint 0 | B2: 46167 | C2: 46178 | D2: Sprint 0 — Foundation & Setup | E2: .NET solution skeleton · EF Core schema · docker-compose · CI green · BA baseline doc · QA test strategy | F2: 320 | G2: =SUMIFS(WBS!G4:G113,WBS!H4:H113,0) | H2: =IFERROR(G2/F2,0) | I2: M0
A3: Sprint 1 | B3: 46181 | C3: 46192 | D3: Sprint 1 — Hub Core Abstractions + Persistence | E3: ISourceConnector/IDest/ITransform interfaces · MessageEnvelope · IntegrationBus + Channels · 4 repositories | F3: 320 | G3: =SUMIFS(WBS!G4:G113,WBS!H4:H113,1) | H3: =IFERROR(G3/F3,0) | I3: —
A4: Sprint 2 | B4: 46195 | C4: 46206 | D4: Sprint 2 — Router, Workers, Transform, Polly, DLQ | E4: Router fan-out · SubscriptionWorker · TransformPipeline · Polly retry + breaker · DLQ auto-replay | F4: 320 | G4: =SUMIFS(WBS!G4:G113,WBS!H4:H113,2) | H4: =IFERROR(G4/F4,0) | I4: M1
A5: Sprint 3 | B5: 46209 | C5: 46220 | D5: Sprint 3 — Port Jira (Red Gold + Flatiron) + SharePoint + Mapper | E5: Live Jira→SP via .NET; parity to Node baseline on 100-ticket fixture | F5: 320 | G5: =SUMIFS(WBS!G4:G113,WBS!H4:H113,3) | H5: =IFERROR(G5/F5,0) | I5: M2
A6: Sprint 4 | B6: 46223 | C6: 46234 | D6: Sprint 4 — Vault, Scheduler, Run mgmt, API parity, RBAC schema | E6: Quartz cron · CredentialService AES-256 · /integrations + /jira + /sp routes · JWT + RLS · audit middleware | F6: 320 | G6: =SUMIFS(WBS!G4:G113,WBS!H4:H113,4) | H6: =IFERROR(G6/F6,0) | I6: —
A7: Sprint 5 | B7: 46237 | C7: 46248 | D7: Sprint 5 — Frontend wire-up + Studio backend + MVP UAT | E7: 13 pages wired (no mocks) · Login · Wizard 4+6 · Studio · Recharts · UAT signoff | F7: 320 | G7: =SUMIFS(WBS!G4:G113,WBS!H4:H113,5) | H7: =IFERROR(G7/F7,0) | I7: M3, M4, M5
A8: Sprint 6 | B8: 46251 | C8: 46262 | D8: Sprint 6 — AI Auto-Mapping + NL Transformation | E8: Claude-API mapper with >70% accuracy · NL→Roslyn sandbox · Canvas auto-map UX | F8: 320 | G8: =SUMIFS(WBS!G4:G113,WBS!H4:H113,6) | H8: =IFERROR(G8/F8,0) | I8: M6
A9: Sprint 7 | B9: 46265 | C9: 46276 | D9: Sprint 7 — Trading Console + Health Dashboard (real-time) | E9: Per-message trace · adapter tiles + volume + error trend · 4-worker perf demo | F9: 320 | G9: =SUMIFS(WBS!G4:G113,WBS!H4:H113,7) | H9: =IFERROR(G9/F9,0) | I9: M7
A10: Sprint 8 | B10: 46279 | C10: 46290 | D10: Sprint 8 — Master Entity Catalog + DB/File/MQ + Scraping | E10: Entity tree + 5 new connectors (SQL/PG/CSV/Apify/Playwright) | F10: 320 | G10: =SUMIFS(WBS!G4:G113,WBS!H4:H113,8) | H10: =IFERROR(G10/F10,0) | I10: M8
A11: Sprint 9 | B11: 46293 | C11: 46304 | D11: Sprint 9 — Full Alerting + Task Escalation + RBAC overrides + Phase 2 UAT | E11: Email alerts + escalation + auto-pause · cron UI · resource overrides · audit viewer · prod deploy | F11: 320 | G11: =SUMIFS(WBS!G4:G113,WBS!H4:H113,9) | H11: =IFERROR(G11/F11,0) | I11: M9
A13: Capacity assumption: 4 people × 8 hrs × 10 working days = 320 hrs/sprint. Adjust col F if team size changes.

Sheet Risks & Open Items
A1: ID | B1: Type | C1: Description | D1: Probability | E1: Impact | F1: Severity | G1: Mitigation / Action | H1: Owner | I1: Due Date | J1: Status
A2: R-01 | B2: Risk | C2: External API access not obtainable for some target systems (auth, rate limits, IP allow-list) | D2: M | E2: H | F2: =IFERROR(IF(OR(D2="—",E2="—"),"—",CHOOSE(MATCH(D2,{"L","M","H"},0),"L","M","H")&"·"&CHOOSE(MATCH(E2,{"L","M","H","C"},0),"L","M","H","C")),"—") | G2: Three-tier fallback: browser-passthrough auth → Apify cloud → Playwright self-hosted. Flag scraping connectors with bot icon in registry. | H2: BA | I2: 46188 | J2: Open
A3: R-02 | B3: Risk | C3: Web scraping connectors break when target UI changes | D3: H | E3: M | F3: =IFERROR(IF(OR(D3="—",E3="—"),"—",CHOOSE(MATCH(D3,{"L","M","H"},0),"L","M","H")&"·"&CHOOSE(MATCH(E3,{"L","M","H","C"},0),"L","M","H","C")),"—") | G3: Screenshot-diff alert on scrape failure; Designer notified immediately; flag scraping connectors as high-maintenance. | H3: BE Dev | I3: 46266 | J3: Open
A4: R-03 | B4: Risk | C4: Scope creep — Charter Phase 3/4 items pulled into MVP | D4: H | E4: H | F4: =IFERROR(IF(OR(D4="—",E4="—"),"—",CHOOSE(MATCH(D4,{"L","M","H"},0),"L","M","H")&"·"&CHOOSE(MATCH(E4,{"L","M","H","C"},0),"L","M","H","C")),"—") | G4: Lock scope per phase; change-request process; weekly scope review against Charter §8 phase boundaries. | H4: BA | I4: 46171 | J4: Open
A5: R-04 | B5: Risk | C5: AI field mapper produces poor suggestions in domain-specific schemas | D5: M | E5: M | F5: =IFERROR(IF(OR(D5="—",E5="—"),"—",CHOOSE(MATCH(D5,{"L","M","H"},0),"L","M","H")&"·"&CHOOSE(MATCH(E5,{"L","M","H","C"},0),"L","M","H","C")),"—") | G5: Always require human confirmation; log confirm/reject decisions to tune prompt; graceful fallback to manual map. | H5: BE Dev | I5: 46283 | J5: Open
A6: R-05 | B6: Risk | C6: Non-technical Operators find Mapping Canvas too complex | D6: M | E6: H | F6: =IFERROR(IF(OR(D6="—",E6="—"),"—",CHOOSE(MATCH(D6,{"L","M","H"},0),"L","M","H")&"·"&CHOOSE(MATCH(E6,{"L","M","H","C"},0),"L","M","H","C")),"—") | G6: Two rounds of moderated UX testing in Sprint 5 + 8; progressive disclosure; one-click Request Designer Help. | H6: BA | I6: 46249 | J6: Open
A7: R-06 | B7: Risk | C7: Credential vault security vulnerability | D7: L | E7: C | F7: =IFERROR(IF(OR(D7="—",E7="—"),"—",CHOOSE(MATCH(D7,{"L","M","H"},0),"L","M","H")&"·"&CHOOSE(MATCH(E7,{"L","M","H","C"},0),"L","M","H","C")),"—") | G7: AES-256-GCM + security review (M5 gate); never log raw values; OWASP top-10 covered in Sprint 5 QA task. | H7: BE Dev | I7: 46262 | J7: Open
A8: R-07 | B8: Risk | C8: Node→.NET port effort underestimated (Playwright/Flatiron MFA esp.) | D8: M | E8: H | F8: =IFERROR(IF(OR(D8="—",E8="—"),"—",CHOOSE(MATCH(D8,{"L","M","H"},0),"L","M","H")&"·"&CHOOSE(MATCH(E8,{"L","M","H","C"},0),"L","M","H","C")),"—") | G8: Validate with thin Sprint 1 slice; rebaseline B1 vibe multiplier and Trad Hours if Sprint 3 spillover >20%. | H8: Kiran | I8: 46220 | J8: Open
A9: R-08 | B9: Risk | C9: Microsoft.Playwright (.NET) reliability for long-running MFA sessions | D9: M | E9: M | F9: =IFERROR(IF(OR(D9="—",E9="—"),"—",CHOOSE(MATCH(D9,{"L","M","H"},0),"L","M","H")&"·"&CHOOSE(MATCH(E9,{"L","M","H","C"},0),"L","M","H","C")),"—") | G9: Run 24-hour headless soak in Sprint 3; keep storageState persistence + re-login fallback identical to Node version. | H9: BE Dev | I9: 46220 | J9: Open
A10: R-09 | B10: Risk | C10: 0.5x Vibecoding multiplier may not hold for complex hub logic (channels, Polly, RLS) | D10: M | E10: H | F10: =IFERROR(IF(OR(D10="—",E10="—"),"—",CHOOSE(MATCH(D10,{"L","M","H"},0),"L","M","H")&"·"&CHOOSE(MATCH(E10,{"L","M","H","C"},0),"L","M","H","C")),"—") | G10: Track actual vs. Vibe Hours per task; review at end of Sprint 2; rebaseline B1 cell if variance >25%. | H10: Kiran | I10: 46192 | J10: Open
A11: R-10 | B11: Risk | C11: Frontend mock-to-real swap surfaces hidden contract gaps (shape mismatch, missing fields) | D11: M | E11: M | F11: =IFERROR(IF(OR(D11="—",E11="—"),"—",CHOOSE(MATCH(D11,{"L","M","H"},0),"L","M","H")&"·"&CHOOSE(MATCH(E11,{"L","M","H","C"},0),"L","M","H","C")),"—") | G11: Generate TypeScript types from .NET DTOs (NSwag) before FE wire-up; contract tests in Sprint 4 (W-060). | H11: FE Dev | I11: 46227 | J11: Open
A12: R-11 | B12: Risk | C12: OAuth2/MFA flows for SharePoint + Flatiron sensitive to client config drift | D12: M | E12: H | F12: =IFERROR(IF(OR(D12="—",E12="—"),"—",CHOOSE(MATCH(D12,{"L","M","H"},0),"L","M","H")&"·"&CHOOSE(MATCH(E12,{"L","M","H","C"},0),"L","M","H","C")),"—") | G12: Per-client smoke job after deploy; alert on auth-error spike; document tenant prerequisites in onboarding doc. | H12: BE Dev | I12: 46248 | J12: Open
A13: D-01 | B13: Decision | C13: Final backend choice — .NET 8 vs Python (FastAPI) | D13: — | E13: H | F13: =IFERROR(IF(OR(D13="—",E13="—"),"—",CHOOSE(MATCH(D13,{"L","M","H"},0),"L","M","H")&"·"&CHOOSE(MATCH(E13,{"L","M","H","C"},0),"L","M","H","C")),"—") | G13: Default .NET (matches all design docs). Re-affirm at Sprint 0 close; if changed, swap BE tasks to Python equivalents (FastAPI + SQLAlchemy + Celery + Playwright-Python). | H13: Kiran | I13: 46178 | J13: Open
... A17: D-05 | B17: Decision | C17: Transformation scripting language — Roslyn C# / Python / JavaScript / DSL | D17: — | E17: M | F17: =IFERROR(IF(OR(D17="—",E17="—"),"—",CHOOSE(MATCH(D17,{"L","M","H"},0),"L","M","H")&"·"&CHOOSE(MATCH(E17,{"L","M","H","C"},0),"L","M","H","C")),"—") | G17: Default Roslyn C# (matches .NET host). Revisit if Python backend chosen (use RestrictedPython). | H17: BE Dev | I17: 46262 | J17: Open
