Workbook

Sheet Cover
B2: Synapse Integration Platform
B3: Project Plan v3 · Aggressive 2-Month Build + 1-Month UAT
B5: Generated | C5: 2026-06-03
B6: Owner | C6: Kiran Suvarna (Nalashaa)
B7: Delivery window | C7: Dev: 18 May – 17 Jul 2026 · UAT: 20 Jul – 14 Aug 2026 · Go-live: ~15 Aug 2026
B8: Team | C8: 2 full-stack AI engineers (Vibecoding) — Dev A & Dev B. Module ownership, no FE/BE split.
B9: Backend stack | C9: Node.js + Express + TypeScript (kept). LLD's .NET is reference architecture only — no migration.
B10: Code path | C10: D:\Nalashaa_Work\AI_Work\synapse-fullstack
B11: Plan version | C11: v3.0 (supersedes docs/Synapse_Project_Plan_v1.xlsx)
B13: What changed from v1
B14: ▸ Backend | C14: Node.js retained. No .NET rewrite — the existing Jira + SharePoint engine stays and we build on it.
B15: ▸ Pace | C15: Compressed to 2-month development + 1-month UAT. Aggressive but feasible with Vibecoding velocity.
B16: ▸ Team model | C16: 2 full-stack devs own whole modules end-to-end (build + wire + test). No separate FE/BE/QA dev lanes.
B17: ▸ New module | C17: Policy-Based Access Control added — company policy -> user subscription -> level of access. High priority.
B18: ▸ Already done | C18: SharePoint -> Postgres adapter complete and tested locally. Marked Done in the plan (0 remaining effort).
B20: Scope — modules in this release
B21: Hub engine | C21: Message envelope, bus, router, inbox/outbox/DLQ, retry + circuit breaker (Node/TS per LLD).
B22: Adapters | C22: SharePoint->Postgres (DONE), SharePoint->MSSQL, Jira->SharePoint (harden).
B23: Connection Wizard | C23: Full 6-step builder incl. mapping (Step 4) and test/deploy (Step 6).
B24: Mapping Canvas | C24: Drag-map + AI auto-map (Claude API) with confidence scoring.
B25: Policy-Based Access | C25: Company policy -> user subscription -> enforced access level. JWT + middleware + admin UI.
B26: Monitoring | C26: Health Dashboard, Trading/Message Monitor (full trace), Alerts (in-app + email).
B27: Platform | C27: Connector Studio, Master Entity Catalog (basic), Credential Vault, Scheduler, Audit log, Multi-tenancy.
B29: Tab guide · Status legend
B30: Plan | C30: Module-level tasks. Update Status, %, and Done Date. On-Time auto-calculates.
B31: Milestones | C31: 6 checkpoints M1-M6 with target dates and acceptance criteria.
B32: Sprint Plan | C32: 4 dev sprints + stabilization + UAT. Capacity vs loaded hours auto-calculated.
B33: Risks & Decisions | C33: Top risks and open decisions, kept short.
B35: Not Started
B36: In Progress
B37: Blocked
B38: Done
B40: Effort hours are Vibecoding-adjusted (already discounted for AI-assisted velocity).

Sheet Plan
A1: ID | B1: Sprint | C1: Module | D1: Task | E1: Owner | F1: Effort (h) | G1: Status | H1: % | I1: Start | J1: Due | K1: Done Date | L1: On-Time? | M1: Notes
A2: T-01 | B2: S1 | C2: Hub Engine | D2: MessageEnvelope + SHA-256 checksum + topic model (Node/TS per LLD §6) | E2: Dev A | F2: 24 | G2: Done | H2: 1 | I2: 46160 | J2: 46171 | K2: 46176 | L2: =IF(K2="","",IF(K2<=J2,"On-Time","Late")) | M2: COMPLETE (T-01) — immutable envelope + SHA-256 checksum existed; added hub/topic.ts (canonical source.entity.event, validate/parse/build, centralized topicMatches), topic validation + idempotency-key-derived messageId in createEnvelope, router refactor. 59 hub tests pass.
A3: T-02 | B3: S1 | C3: Hub Engine | D3: IntegrationBus + Router + Subscription registry (in-memory queue + fan-out) | E3: Dev A | F3: 24 | G3: Not Started | H3: 0 | I3: 46160 | J3: 46171 | L3: =IF(K3="","",IF(K3<=J3,"On-Time","Late")) | M3: Backpressure via bounded queue.
A4: T-03 | B4: S1 | C4: Hub Engine | D4: Persistence: Inbox / Outbox / DeadLetter / Idempotency tables + repos (Postgres) | E4: Dev A | F4: 20 | G4: Not Started | H4: 0 | I4: 46160 | J4: 46171 | L4: =IF(K4="","",IF(K4<=J4,"On-Time","Late")) | M4: LLD §8 schema, Drizzle.
A5: T-04 | B5: S1 | C5: Reliability | D5: Retry+backoff + circuit breaker + DLQ auto/manual replay | E5: Dev A | F5: 20 | G5: Not Started | H5: 0 | I5: 46160 | J5: 46171 | L5: =IF(K5="","",IF(K5<=J5,"On-Time","Late")) | M5: Per Architecture §11.
A6: T-05 | B6: S1 | C6: Adapter | D6: SharePoint -> Postgres (delta poll, schema introspect, DDL diff/apply, upsert) | E6: Dev B | F6: 0 | G6: Done | H6: 1 | I6: 46154 | J6: 46171 | K6: 46159 | L6: =IF(K6="","",IF(K6<=J6,"On-Time","Late")) | M6: COMPLETE — tested locally before kickoff.
A7: T-06 | B7: S1 | C7: Adapter | D7: SharePoint -> MSSQL (extend SP->PG: MERGE upsert + sys.columns introspect) | E7: Dev B | F7: 24 | G7: Done | H7: 1 | I7: 46160 | J7: 46171 | K7: 46175 | L7: =IF(K7="","",IF(K7<=J7,"On-Time","Late")) | M7: COMPLETE (T-06) — SqlServerWriter smartUpsert + sys.columns introspect + hub MSSQL endpoints + wizard wiring. Tested.
A8: T-07 | B8: S1 | C8: Frontend | D8: Wire Dashboard + Registry to real APIs (remove mock data) | E8: Dev B | F8: 16 | G8: In Progress | H8: 0.75 | I8: 46160 | J8: 46171 | L8: =IF(K8="","",IF(K8<=J8,"On-Time","Late")) | M8: T-07 code-complete: integrationMap.js shared mapper, live KPIs/tiles/charts off /api/connected, sample fallback, 0 diagnostics. Pending browser verify for M1.
A9: T-08 | B9: S2 | C9: Wizard | D9: Connection Wizard 6-step backend + Step 4 (mapping) + Step 6 (test/deploy gate) | E9: Dev A | F9: 28 | G9: Not Started | H9: 0 | I9: 46174 | J9: 46185 | L9: =IF(K9="","",IF(K9<=J9,"On-Time","Late")) | M9: Hard test-before-publish gate.
A10: T-09 | B10: S2 | C10: Mapping | D10: Mapping Canvas + AI Auto-Map (Claude API) + confidence badges | E10: Dev B | F10: 30 | G10: Not Started | H10: 0 | I10: 46174 | J10: 46185 | L10: =IF(K10="","",IF(K10<=J10,"On-Time","Late")) | M10: Human-confirm required.
A11: T-10 | B11: S2 | C11: Policy Access | D11: Policy-Based Access Control — data model + policy engine (policies, permissions, subscription) | E11: Dev A | F11: 24 | G11: Not Started | H11: 0 | I11: 46174 | J11: 46185 | L11: =IF(K11="","",IF(K11<=J11,"On-Time","Late")) | M11: NEW. Company policy -> access level.
A12: T-11 | B12: S2 | C12: Frontend | D12: Wire Monitor + Connected + Push to real APIs | E12: Dev B | F12: 18 | G12: Not Started | H12: 0 | I12: 46174 | J12: 46185 | L12: =IF(K12="","",IF(K12<=J12,"On-Time","Late")) | M12: Replace remaining mocks.
A13: T-12 | B13: S2 | C13: Vault | D13: Credential decrypt endpoint + DB-connection credential type + test-connection | E13: Dev A | F13: 12 | G13: Not Started | H13: 0 | I13: 46174 | J13: 46185 | L13: =IF(K13="","",IF(K13<=J13,"On-Time","Late")) | M13: AES-256-GCM in place.
A14: T-13 | B14: S3 | C14: Policy Access | D14: Policy enforcement middleware + JWT login + admin UI (manage policies & user subscriptions) | E14: Dev A | F14: 32 | G14: Not Started | H14: 0 | I14: 46188 | J14: 46199 | L14: =IF(K14="","",IF(K14<=J14,"On-Time","Late")) | M14: NEW. Subscription -> enforced level of access.
A15: T-14 | B15: S3 | C15: Studio | D15: Connector Studio — define / test / publish connector templates (backend + UI) | E15: Dev B | F15: 28 | G15: Not Started | H15: 0 | I15: 46188 | J15: 46199 | L15: =IF(K15="","",IF(K15<=J15,"On-Time","Late")) | M15: Designer workflow.
A16: T-15 | B16: S3 | C16: Alerts | D16: Alerts — failure detection + in-app feed + email dispatch + acknowledge | E16: Dev A | F16: 20 | G16: Not Started | H16: 0 | I16: 46188 | J16: 46199 | L16: =IF(K16="","",IF(K16<=J16,"On-Time","Late")) | M16: Wire dormant queue.
A17: T-16 | B17: S3 | C17: Monitoring | D17: Health Dashboard — real metrics, volume + error charts, drill-down | E17: Dev B | F17: 20 | G17: Not Started | H17: 0 | I17: 46188 | J17: 46199 | L17: =IF(K17="","",IF(K17<=J17,"On-Time","Late")) | M17: Replace hardcoded SVG.
A18: T-17 | B18: S3 | C18: Audit | D18: Audit log — middleware + viewer (ties to Policy module) | E18: Dev A | F18: 14 | G18: Not Started | H18: 0 | I18: 46188 | J18: 46199 | L18: =IF(K18="","",IF(K18<=J18,"On-Time","Late")) | M18: Append-only, before/after diff.
A19: T-18 | B19: S4 | C19: Monitoring | D19: Trading / Message Monitor — full per-message trace + error drill-down + create-task | E19: Dev B | F19: 24 | G19: Not Started | H19: 0 | I19: 46202 | J19: 46213 | L19: =IF(K19="","",IF(K19<=J19,"On-Time","Late")) | M19: Expandable rows, mapping trace.
... A32: T-31 | B32: UAT | C32: UAT | D32: UAT signoff + go-live readiness | E32: BA + Stakeholders | F32: 8 | G32: Not Started | H32: 0 | I32: 46223 | J32: 46248 | L32: =IF(K32="","",IF(K32<=J32,"On-Time","Late")) | M32: Final acceptance.
C33: S1 subtotal | F33: =SUM(F2:F8)
C34: S2 subtotal | F34: =SUM(F9:F13)
C35: S3 subtotal | F35: =SUM(F14:F18)
C36: S4 subtotal | F36: =SUM(F19:F24)
C37: Stab subtotal | F37: =SUM(F25:F27)
C38: UAT subtotal | F38: =SUM(F28:F32)
C39: GRAND TOTAL (hrs) | F39: =SUM(F2:F32)

Sheet Milestones
A1: ID | B1: Milestone | C1: Target Date | D1: Status | E1: Owner | F1: Acceptance Criteria | G1: Actual Date | H1: Slip (days)
A2: M1 | B2: Hub engine live + adapters working + Dashboard/Registry on real data | C2: 46171 | D2: Not Started | E2: Dev A | F2: Message flows Inbox->Bus->Router->Outbox; DLQ on forced failure; SP->PG + SP->MSSQL write live; Dashboard & Registry show real runs. | H2: =IF(G2="","",NETWORKDAYS(C2,G2)-1)
A3: M2 | B3: Connection Wizard end-to-end + Mapping Canvas with AI auto-map | C3: 46185 | D3: Not Started | E3: Dev A | F3: Operator builds an integration through all 6 steps; AI auto-map suggests with confidence; test-before-publish gate enforced. | H3: =IF(G3="","",NETWORKDAYS(C3,G3)-1)
A4: M3 | B4: Policy-Based Access Control GA + Alerts + Health Dashboard | C4: 46199 | D4: Not Started | E4: Dev A | F4: Company policy -> user subscription -> enforced access level verified across roles; failure alert reaches in-app + email; Health Dashboard live on real metrics. | H4: =IF(G4="","",NETWORKDAYS(C4,G4)-1)
A5: M4 | B5: Feature-complete — all modules integrated, E2E passing | C5: 46213 | D5: Not Started | E5: Both | F5: All Plan modules Done; end-to-end test suite green; no open Sev-1/2 defects. | H5: =IF(G5="","",NETWORKDAYS(C5,G5)-1)
A6: M5 | B6: Code freeze — security/perf cleared, deployed to UAT | C6: 46220 | D6: Not Started | E6: Both | F6: Security review passed (vault + policy enforcement); perf test meets target; build deployed to UAT env with smoke pass + runbook. | H6: =IF(G6="","",NETWORKDAYS(C6,G6)-1)
A7: M6 | B7: UAT signoff & go-live readiness | C7: 46248 | D7: Not Started | E7: BA + Stakeholders | F7: UAT cycles 1-2 complete; all signoff scenarios passed; go-live checklist approved. | H7: =IF(G7="","",NETWORKDAYS(C7,G7)-1)

Sheet Sprint Plan
A1: Sprint | B1: Start | C1: End | D1: Goal | E1: Capacity (h) | F1: Loaded (h) | G1: Utilization | H1: Milestone
A2: S1 | B2: 46160 | C2: 46171 | D2: Hub engine + reliability · SP->MSSQL adapter · Dashboard/Registry wired | E2: 144 | F2: =SUMIFS(Plan!F2:F32,Plan!B2:B32,A2) | G2: =IFERROR(F2/E2,0) | H2: M1
A3: S2 | B3: 46174 | C3: 46185 | D3: Connection Wizard · Mapping Canvas + AI auto-map · Policy model · Vault | E3: 144 | F3: =SUMIFS(Plan!F2:F32,Plan!B2:B32,A3) | G3: =IFERROR(F3/E3,0) | H3: M2
A4: S3 | B4: 46188 | C4: 46199 | D4: Policy enforcement + admin UI · Connector Studio · Alerts · Health Dashboard · Audit | E4: 144 | F4: =SUMIFS(Plan!F2:F32,Plan!B2:B32,A4) | G4: =IFERROR(F4/E4,0) | H4: M3
A5: S4 | B5: 46202 | C5: 46213 | D5: Trading Monitor · Entity Catalog · Multi-tenancy · Scheduler · E2E bug bash | E5: 144 | F5: =SUMIFS(Plan!F2:F32,Plan!B2:B32,A5) | G5: =IFERROR(F5/E5,0) | H5: M4
A6: Stab | B6: 46216 | C6: 46220 | D6: Security + perf review · regression · deploy to UAT (code freeze) | E6: 72 | F6: =SUMIFS(Plan!F2:F32,Plan!B2:B32,A6) | G6: =IFERROR(F6/E6,0) | H6: M5
A7: UAT | B7: 46223 | C7: 46248 | D7: UAT cycles 1-2 · defect fixing · signoff · go-live readiness | E7: 240 | F7: =SUMIFS(Plan!F2:F32,Plan!B2:B32,A7) | G7: =IFERROR(F7/E7,0) | H7: M6
A9: Capacity: 2 devs × ~36 productive h/week (Vibecoding) = 144 h per 2-week sprint. Stab = 1 week. UAT capacity blends devs + QA + stakeholders.

Sheet Risks & Decisions
A1: ID | B1: Type | C1: Item | D1: Likelihood | E1: Impact | F1: Mitigation / Action | G1: Owner | H1: Due | I1: Status
A2: R1 | B2: Risk | C2: Two-month window is aggressive; any module slip cascades | D2: H | E2: H | F2: Weekly burn-down vs Sprint capacity; cut Catalog/Studio to 'basic' first if behind; protect Policy module + adapters. | G2: Kiran | H2: 46171 | I2: Open
A3: R2 | B3: Risk | C3: Policy-Based Access is new and security-sensitive | D3: M | E3: H | F3: Spike the policy model in S2 before enforcement in S3; security review at Stab; least-privilege defaults. | G3: Dev A | H3: 46185 | I3: Open
A4: R3 | B4: Risk | C4: Vibecoding velocity assumption (144h/sprint) may not hold for hub internals | D4: M | E4: M | F4: Track actual vs planned each sprint; rebaseline after S1; keep S4 light as buffer. | G4: Kiran | H4: 46171 | I4: Open
A5: R4 | B5: Risk | C5: Frontend mock->real swap surfaces API contract gaps | D5: M | E5: M | F5: Generate TS types from backend DTOs; wire one screen end-to-end in S1 as the pattern. | G5: Dev B | H5: 46171 | I5: Open
A6: R5 | B6: Risk | C6: Playwright/MFA adapters fragile to client config | D6: M | E6: M | F6: Smoke each adapter after deploy; session persistence + re-login fallback. | G6: Dev B | H6: 46220 | I6: Open
A7: R6 | B7: Risk | C7: UAT defects exceed 1-month fix capacity | D7: M | E7: H | F7: Bug-bash in S4 before freeze; both devs reserved for UAT defect fixing; triage Sev-1/2 only for go-live. | G7: Both | H7: 46241 | I7: Open
A8: D1 | B8: Decision | C8: AI provider for auto-mapping (Claude / OpenAI / local) | D8: — | E8: M | F8: Default Claude API; confirm by S2 start on cost × accuracy. | G8: Dev B | H8: 46174 | I8: Open
A9: D2 | B9: Decision | C9: Policy model — RBAC roles vs full ABAC (attribute) policies | D9: — | E9: H | F9: Recommend policy = named permission-set users subscribe to (RBAC+scope). Confirm S2. | G9: Kiran | H9: 46174 | I9: Open
A10: D3 | B10: Decision | C10: UAT environment host — local box / VM / cloud | D10: — | E10: M | F10: Pick by S3 so Stab deploy is ready. Default: in-office VM + Docker. | G10: Dev A | H10: 46188 | I10: Open
A11: D4 | B11: Decision | C11: Next adapters after MSSQL (priority order) | D11: — | E11: M | F11: Confirm with stakeholders by M1 demo. | G11: Kiran | H11: 46171 | I11: Open
